basic_1,基礎問題集(1),基本的な問題を集めました,基礎問題集,2,200,0,1
basic_2,基礎問題集(2),基本的な問題を集めました,基礎問題集,2,200,100,0
basic_3,基礎問題集(3),基本的な問題を集めました,基礎問題集,2,200,100,0
basic_4,基礎問題集(4),基本的な問題を集めました,基礎問題集,2,200,100,0
basic_5,基礎問題集(5),基本的な問題を集めました,基礎問題集,2,200,100,0
basic_6,基礎問題集(6),基本的な問題を集めました,基礎問題集,2,200,100,0
basic_7,基礎問題集(7),基本的な問題を集めました,基礎問題集,2,200,100,0
basic_8,基礎問題集(8),基本的な問題を集めました,基礎問題集,2,200,100,0
basic_9,基礎問題集(9),基本的な問題を集めました,基礎問題集,2,200,100,0
basic_10,基礎問題集(10),基本的な問題を集めました,基礎問題集,2,200,100,0
normal_1,中級問題集(1),中程度の難易度の問題を集めました,中級問題集,3,200,0,1
normal_2,中級問題集(2),中程度の難易度の問題を集めました,中級問題集,3,200,100,0
normal_3,中級問題集(3),中程度の難易度の問題を集めました,中級問題集,3,200,100,0
normal_4,中級問題集(4),中程度の難易度の問題を集めました,中級問題集,3,200,100,0
normal_5,中級問題集(5),中程度の難易度の問題を集めました,中級問題集,3,200,100,0
normal_6,中級問題集(6),中程度の難易度の問題を集めました,中級問題集,3,200,100,0
normal_7,中級問題集(7),中程度の難易度の問題を集めました,中級問題集,3,200,100,0
normal_8,中級問題集(8),中程度の難易度の問題を集めました,中級問題集,3,200,100,0
normal_9,中級問題集(9),中程度の難易度の問題を集めました,中級問題集,3,200,100,0
normal_10,中級問題集(10),中程度の難易度の問題を集めました,中級問題集,3,200,100,0
normal_11,中級問題集(11),中程度の難易度の問題を集めました,中級問題集,3,200,100,0
normal_12,中級問題集(12),中程度の難易度の問題を集めました,中級問題集,3,200,100,0
normal_13,中級問題集(13),中程度の難易度の問題を集めました,中級問題集,3,200,100,0
agriculture_1,ジャンル別問題集　農業(1),農業に関する問題を集めました,ジャンル別問題集　農業,3,100,0,1
agriculture_2,ジャンル別問題集　農業(2),農業に関する問題を集めました,ジャンル別問題集　農業,3,100,50,0
agriculture_3,ジャンル別問題集　農業(3),農業に関する問題を集めました,ジャンル別問題集　農業,3,100,50,0
agriculture_4,ジャンル別問題集　農業(4),農業に関する問題を集めました,ジャンル別問題集　農業,3,100,50,0
agriculture_5,ジャンル別問題集　農業(5),農業に関する問題を集めました,ジャンル別問題集　農業,3,100,50,0
agriculture_6,ジャンル別問題集　農業(6),農業に関する問題を集めました,ジャンル別問題集　農業,3,100,50,0
chemistry_1,ジャンル別問題集　化学(1),化学に関する問題を集めました,ジャンル別問題集　化学,3,100,0,1
chemistry_2,ジャンル別問題集　化学(2),化学に関する問題を集めました,ジャンル別問題集　化学,3,100,50,0
chemistry_3,ジャンル別問題集　化学(3),化学に関する問題を集めました,ジャンル別問題集　化学,3,100,50,0
chemistry_4,ジャンル別問題集　化学(4),化学に関する問題を集めました,ジャンル別問題集　化学,3,100,50,0
chemistry_5,ジャンル別問題集　化学(5),化学に関する問題を集めました,ジャンル別問題集　化学,3,100,50,0
chemistry_6,ジャンル別問題集　化学(6),化学に関する問題を集めました,ジャンル別問題集　化学,3,100,50,0
chemistry_7,ジャンル別問題集　化学(7),化学に関する問題を集めました,ジャンル別問題集　化学,3,100,50,0
chemistry_8,ジャンル別問題集　化学(8),化学に関する問題を集めました,ジャンル別問題集　化学,3,100,50,0
chemistry_9,ジャンル別問題集　化学(9),化学に関する問題を集めました,ジャンル別問題集　化学,3,100,50,0
chemistry_10,ジャンル別問題集　化学(10),化学に関する問題を集めました,ジャンル別問題集　化学,3,100,50,0
chemistry_11,ジャンル別問題集　化学(11),化学に関する問題を集めました,ジャンル別問題集　化学,3,100,50,0
chemistry_12,ジャンル別問題集　化学(12),化学に関する問題を集めました,ジャンル別問題集　化学,3,100,50,0
chemistry_13,ジャンル別問題集　化学(13),化学に関する問題を集めました,ジャンル別問題集　化学,3,100,50,0
chemistry_14,ジャンル別問題集　化学(14),化学に関する問題を集めました,ジャンル別問題集　化学,3,100,50,0
chemistry_15,ジャンル別問題集　化学(15),化学に関する問題を集めました,ジャンル別問題集　化学,3,100,50,0
chemistry_16,ジャンル別問題集　化学(16),化学に関する問題を集めました,ジャンル別問題集　化学,3,100,50,0
chemistry_17,ジャンル別問題集　化学(17),化学に関する問題を集めました,ジャンル別問題集　化学,3,100,50,0
chemistry_18,ジャンル別問題集　化学(18),化学に関する問題を集めました,ジャンル別問題集　化学,3,100,50,0
environment_1,ジャンル別問題集　環境(1),環境に関する問題を集めました,ジャンル別問題集　環境,3,100,0,1
environment_2,ジャンル別問題集　環境(2),環境に関する問題を集めました,ジャンル別問題集　環境,3,100,50,0
environment_3,ジャンル別問題集　環境(3),環境に関する問題を集めました,ジャンル別問題集　環境,3,100,50,0
environment_4,ジャンル別問題集　環境(4),環境に関する問題を集めました,ジャンル別問題集　環境,3,100,50,0
environment_5,ジャンル別問題集　環境(5),環境に関する問題を集めました,ジャンル別問題集　環境,3,100,50,0
environment_6,ジャンル別問題集　環境(6),環境に関する問題を集めました,ジャンル別問題集　環境,3,100,50,0
environment_7,ジャンル別問題集　環境(7),環境に関する問題を集めました,ジャンル別問題集　環境,3,100,50,0
environment_8,ジャンル別問題集　環境(8),環境に関する問題を集めました,ジャンル別問題集　環境,3,100,50,0
environment_9,ジャンル別問題集　環境(9),環境に関する問題を集めました,ジャンル別問題集　環境,3,100,50,0
environment_10,ジャンル別問題集　環境(10),環境に関する問題を集めました,ジャンル別問題集　環境,3,100,50,0
environment_11,ジャンル別問題集　環境(11),環境に関する問題を集めました,ジャンル別問題集　環境,3,100,50,0
environment_12,ジャンル別問題集　環境(12),環境に関する問題を集めました,ジャンル別問題集　環境,3,100,50,0
environment_13,ジャンル別問題集　環境(13),環境に関する問題を集めました,ジャンル別問題集　環境,3,100,50,0
environment_14,ジャンル別問題集　環境(14),環境に関する問題を集めました,ジャンル別問題集　環境,3,100,50,0
environment_15,ジャンル別問題集　環境(15),環境に関する問題を集めました,ジャンル別問題集　環境,3,100,50,0
environment_16,ジャンル別問題集　環境(16),環境に関する問題を集めました,ジャンル別問題集　環境,3,100,50,0
environment_17,ジャンル別問題集　環境(17),環境に関する問題を集めました,ジャンル別問題集　環境,3,100,50,0
environment_18,ジャンル別問題集　環境(18),環境に関する問題を集めました,ジャンル別問題集　環境,3,100,50,0
environment_19,ジャンル別問題集　環境(19),環境に関する問題を集めました,ジャンル別問題集　環境,3,100,50,0
history_1,ジャンル別問題集　歴史(1),歴史に関する問題を集めました,ジャンル別問題集　歴史,3,100,0,1
history_2,ジャンル別問題集　歴史(2),歴史に関する問題を集めました,ジャンル別問題集　歴史,3,100,50,0
history_3,ジャンル別問題集　歴史(3),歴史に関する問題を集めました,ジャンル別問題集　歴史,3,100,50,0
history_4,ジャンル別問題集　歴史(4),歴史に関する問題を集めました,ジャンル別問題集　歴史,3,100,50,0
history_5,ジャンル別問題集　歴史(5),歴史に関する問題を集めました,ジャンル別問題集　歴史,3,100,50,0
history_6,ジャンル別問題集　歴史(6),歴史に関する問題を集めました,ジャンル別問題集　歴史,3,100,50,0
history_7,ジャンル別問題集　歴史(7),歴史に関する問題を集めました,ジャンル別問題集　歴史,3,100,50,0
history_8,ジャンル別問題集　歴史(8),歴史に関する問題を集めました,ジャンル別問題集　歴史,3,100,50,0
history_9,ジャンル別問題集　歴史(9),歴史に関する問題を集めました,ジャンル別問題集　歴史,3,100,50,0
history_10,ジャンル別問題集　歴史(10),歴史に関する問題を集めました,ジャンル別問題集　歴史,3,100,50,0
history_11,ジャンル別問題集　歴史(11),歴史に関する問題を集めました,ジャンル別問題集　歴史,3,100,50,0
history_12,ジャンル別問題集　歴史(12),歴史に関する問題を集めました,ジャンル別問題集　歴史,3,100,50,0
history_13,ジャンル別問題集　歴史(13),歴史に関する問題を集めました,ジャンル別問題集　歴史,3,100,50,0
history_14,ジャンル別問題集　歴史(14),歴史に関する問題を集めました,ジャンル別問題集　歴史,3,100,50,0
history_15,ジャンル別問題集　歴史(15),歴史に関する問題を集めました,ジャンル別問題集　歴史,3,100,50,0
history2_1,ジャンル別問題集　歴史その２(1),歴史に関する問題を集めました,ジャンル別問題集　歴史その２,3,100,0,1
history2_2,ジャンル別問題集　歴史その２(2),歴史に関する問題を集めました,ジャンル別問題集　歴史その２,3,100,50,0
history2_3,ジャンル別問題集　歴史その２(3),歴史に関する問題を集めました,ジャンル別問題集　歴史その２,3,100,50,0
history2_4,ジャンル別問題集　歴史その２(4),歴史に関する問題を集めました,ジャンル別問題集　歴史その２,3,100,50,0
history2_5,ジャンル別問題集　歴史その２(5),歴史に関する問題を集めました,ジャンル別問題集　歴史その２,3,100,50,0
history2_6,ジャンル別問題集　歴史その２(6),歴史に関する問題を集めました,ジャンル別問題集　歴史その２,3,100,50,0
history2_7,ジャンル別問題集　歴史その２(7),歴史に関する問題を集めました,ジャンル別問題集　歴史その２,3,100,50,0
history2_8,ジャンル別問題集　歴史その２(8),歴史に関する問題を集めました,ジャンル別問題集　歴史その２,3,100,50,0
history2_9,ジャンル別問題集　歴史その２(9),歴史に関する問題を集めました,ジャンル別問題集　歴史その２,3,100,50,0
history2_10,ジャンル別問題集　歴史その２(10),歴史に関する問題を集めました,ジャンル別問題集　歴史その２,3,100,50,0
history2_11,ジャンル別問題集　歴史その２(11),歴史に関する問題を集めました,ジャンル別問題集　歴史その２,3,100,50,0
history2_12,ジャンル別問題集　歴史その２(12),歴史に関する問題を集めました,ジャンル別問題集　歴史その２,3,100,50,0
history2_13,ジャンル別問題集　歴史その２(13),歴史に関する問題を集めました,ジャンル別問題集　歴史その２,3,100,50,0
history2_14,ジャンル別問題集　歴史その２(14),歴史に関する問題を集めました,ジャンル別問題集　歴史その２,3,100,50,0
history2_15,ジャンル別問題集　歴史その２(15),歴史に関する問題を集めました,ジャンル別問題集　歴史その２,3,100,50,0
history2_16,ジャンル別問題集　歴史その２(16),歴史に関する問題を集めました,ジャンル別問題集　歴史その２,3,100,50,0
history2_17,ジャンル別問題集　歴史その２(17),歴史に関する問題を集めました,ジャンル別問題集　歴史その２,3,100,50,0
science_1,ジャンル別問題集　科学(1),科学に関する問題を集めました,ジャンル別問題集　科学,3,100,0,1
science_2,ジャンル別問題集　科学(2),科学に関する問題を集めました,ジャンル別問題集　科学,3,100,50,0
science_3,ジャンル別問題集　科学(3),科学に関する問題を集めました,ジャンル別問題集　科学,3,100,50,0
science_4,ジャンル別問題集　科学(4),科学に関する問題を集めました,ジャンル別問題集　科学,3,100,50,0
science_5,ジャンル別問題集　科学(5),科学に関する問題を集めました,ジャンル別問題集　科学,3,100,50,0
science_6,ジャンル別問題集　科学(6),科学に関する問題を集めました,ジャンル別問題集　科学,3,100,50,0
science_7,ジャンル別問題集　科学(7),科学に関する問題を集めました,ジャンル別問題集　科学,3,100,50,0
story_1,物語で学ぶ英語(1),物語を通じて英語を学びましょう,ジャンル別問題集　物語,3,100,0,1
story_2,物語で学ぶ英語(2),物語を通じて英語を学びましょう,ジャンル別問題集　物語,3,100,50,0
story_3,物語で学ぶ英語(3),物語を通じて英語を学びましょう,ジャンル別問題集　物語,3,100,50,0
story_4,物語で学ぶ英語(4),物語を通じて英語を学びましょう,ジャンル別問題集　物語,3,100,50,0
story_5,物語で学ぶ英語(5),物語を通じて英語を学びましょう,ジャンル別問題集　物語,3,100,50,0
story_6,物語で学ぶ英語(6),物語を通じて英語を学びましょう,ジャンル別問題集　物語,3,100,50,0
story_7,物語で学ぶ英語(7),物語を通じて英語を学びましょう,ジャンル別問題集　物語,3,100,50,0
story_8,物語で学ぶ英語(8),物語を通じて英語を学びましょう,ジャンル別問題集　物語,3,100,50,0
story_9,物語で学ぶ英語(9),物語を通じて英語を学びましょう,ジャンル別問題集　物語,3,100,50,0
story_10,物語で学ぶ英語(10),物語を通じて英語を学びましょう,ジャンル別問題集　物語,3,100,50,0
story_11,物語で学ぶ英語(11),物語を通じて英語を学びましょう,ジャンル別問題集　物語,3,100,50,0
story_12,物語で学ぶ英語(12),物語を通じて英語を学びましょう,ジャンル別問題集　物語,3,100,50,0
story2_1,物語で学ぶ英語その２(1),物語を通じて英語を学びましょう,ジャンル別問題集　物語その２,3,100,0,1
story2_2,物語で学ぶ英語その２(2),物語を通じて英語を学びましょう,ジャンル別問題集　物語その２,3,100,50,0
story2_3,物語で学ぶ英語その２(3),物語を通じて英語を学びましょう,ジャンル別問題集　物語その２,3,100,50,0
story2_4,物語で学ぶ英語その２(4),物語を通じて英語を学びましょう,ジャンル別問題集　物語その２,3,100,50,0
story2_5,物語で学ぶ英語その２(5),物語を通じて英語を学びましょう,ジャンル別問題集　物語その２,3,100,50,0
story2_6,物語で学ぶ英語その２(6),物語を通じて英語を学びましょう,ジャンル別問題集　物語その２,3,100,50,0
story2_7,物語で学ぶ英語その２(7),物語を通じて英語を学びましょう,ジャンル別問題集　物語その２,3,100,50,0
story2_8,物語で学ぶ英語その２(8),物語を通じて英語を学びましょう,ジャンル別問題集　物語その２,3,100,50,0
story2_9,物語で学ぶ英語その２(9),物語を通じて英語を学びましょう,ジャンル別問題集　物語その２,3,100,50,0
story2_10,物語で学ぶ英語その２(10),物語を通じて英語を学びましょう,ジャンル別問題集　物語その２,3,100,50,0
story3_1,物語で学ぶ英語その３(1),物語を通じて英語を学びましょう,ジャンル別問題集　物語その３,3,100,0,1
story3_2,物語で学ぶ英語その３(2),物語を通じて英語を学びましょう,ジャンル別問題集　物語その３,3,100,50,0
story3_3,物語で学ぶ英語その３(3),物語を通じて英語を学びましょう,ジャンル別問題集　物語その３,3,100,50,0
story3_4,物語で学ぶ英語その３(4),物語を通じて英語を学びましょう,ジャンル別問題集　物語その３,3,100,50,0
story3_5,物語で学ぶ英語その３(5),物語を通じて英語を学びましょう,ジャンル別問題集　物語その３,3,100,50,0
story3_6,物語で学ぶ英語その３(6),物語を通じて英語を学びましょう,ジャンル別問題集　物語その３,3,100,50,0
story3_7,物語で学ぶ英語その３(7),物語を通じて英語を学びましょう,ジャンル別問題集　物語その３,3,100,50,0
story3_8,物語で学ぶ英語その３(8),物語を通じて英語を学びましょう,ジャンル別問題集　物語その３,3,100,50,0
story3_9,物語で学ぶ英語その３(9),物語を通じて英語を学びましょう,ジャンル別問題集　物語その３,3,100,50,0
story3_10,物語で学ぶ英語その３(10),物語を通じて英語を学びましょう,ジャンル別問題集　物語その３,3,100,50,0
story3_11,物語で学ぶ英語その３(11),物語を通じて英語を学びましょう,ジャンル別問題集　物語その３,3,100,50,0
story3_12,物語で学ぶ英語その３(12),物語を通じて英語を学びましょう,ジャンル別問題集　物語その３,3,100,50,0
